dataset,area_med_pct,small,medium,large,dens,n_img,n_obj
CITRA-3D-Real,0.09893625955712,71.62007986309185,25.527666856816886,2.852253280091272,3.3662986077772445,2083,7012
SMD on-shore,0.36874320025911667,38.26494391594491,51.29916228879739,10.435893795257703,7.705689277899343,914,7043
SeaShips,3.634765625,4.337899543378995,32.50706675364209,63.15503370297891,1.3179538615847544,6979,9198
ABOShips,0.2286241319444444,52.06323136932868,37.47250491245564,10.464263718215678,4.266391391391392,7992,34097
InaTechShips,32.09064928168148,0.0,0.02,99.98,1.0,5000,5000
